empno,dept,aname,pid
1,Sales Representative,Rupert Sorrel,46
2,Systems Administrator I,Lowrance Smithe,46
3,VP Sales,Scarlett Costelow,3
4,Design Engineer,Waylon Boots,90
5,Community Outreach Specialist,Cathrin Gadault,13
6,Quality Engineer,Winston Casterou,6
7,Administrative Officer,Darren Ensten,73
8,Biostatistician IV,Elly Baroux,91
9,Geologist III,Rachael Beernt,96
10,Senior Developer,Cthrine Ridehalgh,52
11,Senior Quality Engineer,Toiboid Sharpley,13
12,Senior Sales Associate,Lexis Shelmardine,40
13,Research Nurse,Inigo Ryland,78
14,Desktop Support Technician,Alvie Schuelcke,85
15,Help Desk Technician,Dynah Downage,36
16,Nurse,Brinn Altamirano,4
17,Tax Accountant,Lothario Tethcote,48
18,Senior Quality Engineer,Cheslie Harrema,45
19,Financial Analyst,Aland Westoll,68
20,Editor,Emmerich Bellini,81
21,Design Engineer,Sidonia Hache,3
22,Geologist IV,Chery Von Welden,85
23,Research Associate,Mort Luckings,96
24,Social Worker,Halimeda Glantz,10
25,Senior Financial Analyst,Alberta Stathers,44
26,Assistant Manager,Stafani Annwyl,7
27,VP Quality Control,Conrado Dozdill,17
28,Junior Executive,Barbie Heining,70
29,Recruiting Manager,Rose Leighfield,38
30,VP Product Management,Melonie Maypole,72
31,Assistant Manager,Wayne Haspineall,64
32,Senior Financial Analyst,Harley Larret,19
33,Marketing Manager,Temple Lippard,17
34,Operator,Leeann Shipton,18
35,Executive Secretary,Lamond Guice,95
36,Chemical Engineer,Linus Rameau,62
37,Automation Specialist IV,Tiebout Piff,31
38,Paralegal,Dina Luker,28
39,Software Engineer III,Rora Spykings,1
40,Paralegal,Tracy Downes,8
41,Engineer IV,Ware Norwell,6
42,Registered Nurse,Gabbi Bartels-Ellis,28
43,VP Quality Control,Mylo Jahncke,75
44,Staff Scientist,Cherry Gammell,41
45,Sales Representative,Helli Swynfen,63
46,Staff Scientist,Phip Karsh,68
47,Office Assistant II,Stavro Castanos,65
48,Internal Auditor,Gilberte Mellodey,63
49,Research Associate,Andrej Luckham,56
50,Legal Assistant,Loise Pattrick,11
51,Cost Accountant,Maighdiln Causier,88
52,Programmer Analyst II,Llewellyn Russi,60
53,Occupational Therapist,Marilyn Kingswell,55
54,Media Manager IV,Tyrus Stearn,82
55,Environmental Specialist,Aron Mullen,20
56,Programmer Analyst IV,Lanny Marlowe,8
57,Junior Executive,Lorry De Bernardis,92
58,Environmental Tech,Mata Dymond,26
59,Design Engineer,Colly Treffrey,55
60,VP Quality Control,Ferrell Ridolfi,7
61,Marketing Assistant,Boris Dally,1
62,Programmer III,Faith Conant,24
63,Sales Associate,Judon Iorillo,7
64,Compensation Analyst,Bran Rothery,82
65,Civil Engineer,Ashil Elby,96
66,Administrative Officer,Afton Cayle,98
67,Nuclear Power Engineer,Anjanette Shortell,10
68,Accountant III,Peterus Colrein,32
69,Administrative Assistant I,Revkah Simony,47
70,Environmental Specialist,Feliks Bather,50
71,Legal Assistant,Arlin Rouff,71
72,Senior Editor,Rhianna Rice,6
73,Dental Hygienist,Kass Dudley,52
74,Internal Auditor,Stu Rennebach,45
75,Financial Analyst,Reg Cornier,13
76,Payment Adjustment Coordinator,Jim Chapelhow,21
77,Help Desk Technician,Filbert Paula,77
78,Dental Hygienist,Delmore Rigden,30
79,Senior Editor,Lilli Brignell,81
80,Graphic Designer,Deidre Hambelton,45
81,Cost Accountant,Damon Revel,30
82,Occupational Therapist,Shayne Denniston,43
83,Automation Specialist IV,Chucho Havesides,6
84,Account Executive,Winny D'Onise,65
85,Compensation Analyst,Bettye Colbourne,32
86,Project Manager,Carolin Baumaier,43
87,Biostatistician IV,Shanta Simms,7
88,Project Manager,Frasco Coonihan,66
89,Programmer I,Padgett Knok,90
90,Administrative Assistant IV,Arron Maseyk,27
91,Assistant Manager,Marga Keig,2
92,Teacher,Devan Pitford,9
93,Recruiter,Suzy Brisson,58
94,Statistician II,Tally Templar,15
95,VP Quality Control,Raquela Blundon,3
96,Senior Cost Accountant,Sadella Twittey,39
97,Help Desk Technician,Raquel Hinkens,24
98,Desktop Support Technician,Damian Simpole,56
99,Food Chemist,Glyn Ickeringill,60
100,Structural Engineer,Florette Saxton,24
