pid,goal,pdesc,pcodename,cname
1,2011,BMW,M3,Kwideo
2,2012,Volvo,S80,Katz
3,1997,BMW,5 Series,Dabtype
4,2007,Cadillac,CTS-V,Zoozzy
5,1980,Chevrolet,Citation,Trilith
6,2007,Toyota,Corolla,Layo
7,2010,Hyundai,Azera,Riffwire
8,1993,Mercedes-Benz,500SEL,Rhynyx
9,1994,Lincoln,Continental,Voolia
10,1992,Chevrolet,Camaro,Eare
11,1989,Porsche,911,Zooxo
12,2004,Isuzu,Ascender,Voolia
13,1987,Pontiac,Chevette,Devshare
14,2011,Chevrolet,Avalanche,Wikizz
15,2009,Cadillac,XLR,Trunyx
16,2001,Suzuki,Swift,Buzzshare
17,2011,BMW,M3,Dabtype
18,2010,Ford,Expedition EL,Ozu
19,1998,Cadillac,Seville,Shuffletag
20,1996,Toyota,Camry,Topicblab
21,1998,Toyota,Corolla,Twitterbridge
22,1999,GMC,Yukon,Edgetag
23,2008,Chevrolet,Silverado 3500,Centimia
24,1995,Ford,Escort,Oyope
25,1992,Dodge,Caravan,Skajo
26,2009,Dodge,Ram,Innotype
27,2004,Volkswagen,Passat,Muxo
28,1995,Mazda,Protege,Skimia
29,2007,Kia,Sportage,Thoughtstorm
30,2012,Mitsubishi,Lancer,Leenti
31,2000,Dodge,Neon,Vipe
32,1989,Lincoln,Continental,Kare
33,2001,Isuzu,Rodeo,Youspan
34,2006,Buick,Rendezvous,Devbug
35,1970,Chevrolet,Camaro,Leenti
36,1984,Mercedes-Benz,S-Class,Omba
37,1996,Ford,Crown Victoria,Buzzster
38,2000,Dodge,Ram 1500,Vitz
39,2004,Spyker,C8 Spyder Wide Body,Skyba
40,1992,GMC,Sonoma Club,Linkbuzz
41,2004,BMW,X3,Pixoboo
42,2003,BMW,M3,Realpoint
43,1997,Pontiac,Grand Prix,Wikizz
44,1999,Toyota,Avalon,Twitterbeat
45,1996,Chevrolet,Impala,Dynabox
46,1986,Lincoln,Continental Mark VII,Tagpad
47,2012,Volvo,S60,Trilia
48,2009,Hyundai,Santa Fe,Agivu
49,2010,Mercedes-Benz,S-Class,Demivee
50,2004,Suzuki,Forenza,Tagfeed
51,2011,Chevrolet,Express 2500,Yakijo
52,1995,Chevrolet,Astro,Quinu
53,2012,Audi,S5,Voonix
54,2008,Audi,S4,Demizz
55,1993,Dodge,Dynasty,Blogtags
56,1976,Plymouth,Volare,Photojam
57,2006,Ferrari,612 Scaglietti,Edgewire
58,2012,Aston Martin,V8 Vantage S,Voolia
59,1993,Cadillac,Seville,Bluezoom
60,2008,Chevrolet,Suburban 2500,Kayveo
61,2003,Buick,Century,Thoughtmix
62,1994,Eagle,Vision,Kamba
63,1990,Volkswagen,GTI,Youfeed
64,2008,Aston Martin,V8 Vantage,Zoomlounge
65,2011,GMC,Yukon XL 2500,Meedoo
66,1999,Buick,Park Avenue,Zoombeat
67,2012,Ford,Fusion,Rhynoodle
68,1995,Chrysler,LeBaron,Zazio
69,2010,Volvo,C70,Feedbug
70,2008,Lexus,SC,Brainbox
71,2001,Jaguar,S-Type,Eayo
72,1998,Dodge,Ram Van 2500,Vinte
73,2006,Lamborghini,Murci√©lago,Innotype
74,2011,Toyota,Avalon,LiveZ
75,2011,MINI,Cooper Countryman,Innotype
76,1991,Volkswagen,GTI,Thoughtstorm
77,1989,Toyota,Truck Xtracab SR5,Buzzster
78,1996,Volkswagen,rio,LiveZ
79,1981,Mercedes-Benz,W126,Trudeo
80,2010,Mazda,MX-5,Ntag
81,1988,Mazda,MX-6,Dablist
82,2012,Audi,S5,Voolith
83,2003,Nissan,Altima,Camido
84,2007,Land Rover,LR3,Izio
85,2012,Bentley,Continental,Tagcat
86,2012,Jeep,Grand Cherokee,Brainbox
87,2000,GMC,Savana 2500,Buzzdog
88,2008,Ford,E-Series,Quatz
89,2001,Ford,F350,Youfeed
90,1996,Chevrolet,Sportvan G30,Zoomcast
91,2006,Mercedes-Benz,SL65 AMG,Vipe
92,1999,Land Rover,Discovery,Wikizz
93,2005,Dodge,Neon,Topiclounge
94,2004,Honda,S2000,Quire
95,2002,Dodge,Dakota Club,Gabvine
96,1994,Chevrolet,Sportvan G30,Yoveo
97,1998,Toyota,Celica,Quire
98,1994,Audi,Quattro,Dynabox
99,2002,Volvo,S80,Zoomdog
100,1991,Pontiac,Firebird,Fadeo
