snum,sname,course,bday,empno,cname,pid
1,Desirae Buxam,Consumer Services,2019-07-28 11:17:08,7,Shuffletag,19
2,Dianne MacComiskey,Basic Industries,2019-02-23 16:30:38,87,Edgetag,22
3,Natalie Sneezem,Consumer Services,2019-02-19 23:41:54,76,Centimia,23
4,Prinz McCahey,Public Utilities,2019-11-10 00:30:01,61,Devshare,13
5,Allyn Bohler,Technology,2019-01-02 22:10:20,47,Katz,2
6,Angel Marchiso,Consumer Services,2019-01-26 06:43:17,21,Feedbug,69
7,Benedikt Rickaby,Technology,2019-07-24 21:49:55,54,Katz,2
8,Sharline Berthel,Health Care,2018-12-14 08:30:58,22,Brainbox,70
9,Heall Burchmore,Health Care,2019-02-26 14:19:46,88,Riffwire,7
10,Jeanette Garlee,Miscellaneous,2019-10-21 20:19:57,89,Buzzster,37
11,Berri Kneeland,Finance,2019-02-04 14:40:16,34,Demivee,49
12,Mommy McVeigh,Miscellaneous,2019-03-28 11:56:09,85,Demivee,49
13,Joete Campa,Consumer Services,2019-11-06 21:58:57,59,Youfeed,63
14,Ivett Bridgett,Computer Science,2019-08-11 16:27:02,39,Skimia,28
15,Gussy Decort,Capital Goods,2018-12-28 04:18:42,91,Dabtype,17
16,Andrey Stanistreet,Finance,2019-03-26 06:55:38,38,Fadeo,100
17,Nanny Swatheridge,Consumer Services,2018-11-25 08:06:18,86,Buzzdog,87
18,Bibby Lages,Consumer Services,2019-02-15 06:23:49,95,Wikizz,14
19,Cassi Robbings,Public Utilities,2019-07-12 22:05:42,6,Trunyx,15
20,Ofella Harhoff,Computer Science,2019-05-15 08:34:52,66,Tagcat,85
21,Carlene Haresnaip,Consumer Services,2019-01-18 15:13:38,19,Dablist,81
22,Corene Petch,Computer Science,2019-11-12 01:04:12,76,Dynabox,98
23,Rancell Zylberdik,Basic Industries,2019-05-18 02:56:50,73,Voolia,12
24,Riley Swindles,Technology,2019-06-15 11:43:12,80,Riffwire,7
25,Herculie Feavyour,Computer Science,2019-10-25 12:05:04,73,Zoomlounge,64
26,Ermina Blaksland,Consumer Services,2019-07-21 14:42:04,29,Yakijo,51
27,Crichton Rawnsley,Finance,2019-11-06 15:53:11,77,Skimia,28
28,Hildagard Tiron,Health Care,2019-03-27 18:15:35,7,Kare,32
29,Jessey Latey,Technology,2019-10-03 00:14:05,11,Voolia,9
30,Hieronymus Stailey,Energy,2018-11-24 16:15:29,70,Thoughtmix,61
31,Celia Attiwill,Energy,2019-04-10 05:57:45,12,Trudeo,79
32,Cornela Dallow,Technology,2019-10-01 07:46:00,67,Skyba,39
33,Morena Nigh,Computer Science,2019-08-24 01:59:08,88,Tagfeed,50
34,Alfi Probbin,Consumer Non-Durables,2019-05-22 15:34:09,3,Tagcat,85
35,Borg Hoffner,Technology,2019-09-08 14:41:43,44,Topicblab,20
36,Glennie Kesby,Consumer Services,2019-08-13 15:00:29,45,Kare,32
37,Jordan Leyrroyd,Capital Goods,2019-11-18 08:59:15,79,Dynabox,45
38,Archibaldo Nan Carrow,Technology,2019-03-22 16:33:10,79,Realpoint,42
39,Demetri McJarrow,Computer Science,2019-09-30 04:15:38,7,Zoomdog,99
40,Frasco Keal,Computer Science,2019-11-12 22:34:41,19,Topiclounge,93
41,Silva Tomasian,Finance,2019-06-10 18:25:25,49,Katz,2
42,Fara Guice,Computer Science,2019-05-21 05:22:48,56,Trilia,47
43,Roxie Hitter,Computer Science,2018-12-02 18:52:04,30,Zoombeat,66
44,Aridatha Wanderschek,Finance,2019-06-17 12:26:51,34,Zoomlounge,64
45,Holmes Westoff,Finance,2019-06-24 20:43:15,77,Brainbox,86
46,Cassaundra Lyokhin,Computer Science,2019-04-25 23:38:14,81,Rhynoodle,67
47,Aldridge Barclay,Computer Science,2019-07-28 09:50:21,10,Voolia,9
48,Rhoda Musto,Computer Science,2019-05-08 09:42:35,89,Voolia,58
49,Chance Derisley,Health Care,2019-11-08 01:40:32,7,Thoughtmix,61
50,Carmelle Chazette,Energy,2019-10-05 01:37:33,94,Blogtags,55
51,Daphne Rowat,Transportation,2019-05-30 12:29:38,50,Eayo,71
52,Archie Gahagan,Technology,2019-01-21 05:29:37,67,Shuffletag,19
53,Knox Milmith,Capital Goods,2019-07-13 15:29:52,64,Camido,83
54,Currie Burnitt,Finance,2019-02-01 08:53:29,32,Bluezoom,59
55,Ashlen Caghy,Consumer Services,2019-06-13 20:40:46,64,Omba,36
56,Ethelbert Espinho,Consumer Non-Durables,2019-01-24 14:15:47,27,Agivu,48
57,Josias Salters,Basic Industries,2019-05-18 20:40:15,87,Quire,97
58,Fransisco Lindroos,Technology,2019-08-16 08:02:31,90,Skyba,39
59,Alexine Greenough,Finance,2019-07-09 03:26:32,59,Twitterbridge,21
60,Sunny Gallop,Finance,2019-03-13 00:52:48,38,Muxo,27
61,Clarance Lathaye,Consumer Services,2019-03-17 17:46:24,69,Ozu,18
62,Bryn Riddler,Finance,2019-10-11 09:59:10,58,Brainbox,70
63,Farly Jellard,Computer Science,2019-08-11 13:22:44,67,Trilia,47
64,Timothy Dulanty,Energy,2019-03-18 02:10:42,31,Dabtype,3
65,Paolo Stag,Health Care,2018-12-16 01:21:55,38,Voolia,12
66,Neill Blackborough,Capital Goods,2019-01-31 22:33:53,64,Linkbuzz,40
67,Roslyn Cullon,Consumer Services,2018-12-18 17:43:49,17,Voolia,58
68,Lanita Eayres,Finance,2019-03-15 12:41:50,59,Demivee,49
69,Jere Sacaze,Energy,2019-02-22 13:27:25,77,Innotype,73
70,Tanner Cracoe,Health Care,2019-08-18 11:31:32,82,Devbug,34
71,Vilma Kenyon,Energy,2018-12-17 20:37:37,15,Realpoint,42
72,Nils Baccus,Health Care,2019-11-03 21:15:27,91,Yoveo,96
73,Craig Hakewell,Computer Science,2019-09-01 04:36:15,9,Gabvine,95
74,Bertrando Sawford,Finance,2019-03-10 17:13:35,53,Oyope,24
75,Roley Hauch,Basic Industries,2019-08-28 00:32:25,45,Katz,2
76,Lincoln Furphy,Computer Science,2018-12-02 15:52:41,66,Voolia,9
77,Lyndell Kenan,Finance,2019-08-16 00:50:59,71,Quinu,52
78,Lynnea Eldin,Health Care,2019-04-03 13:16:04,47,Wikizz,14
79,Margarethe Gunstone,Finance,2019-03-20 16:59:16,52,Omba,36
80,Shannah Castagnone,Consumer Services,2019-08-31 22:51:24,70,Zooxo,11
81,Burr Whitewood,Technology,2019-08-12 02:59:04,1,Eare,10
82,Darla Sexten,Finance,2019-05-03 04:27:05,29,Vitz,38
83,Page Mogey,Capital Goods,2019-02-14 04:27:50,97,Photojam,56
84,Steffen Tournie,Finance,2019-09-26 23:01:54,14,Brainbox,86
85,Cleavland Proschek,Health Care,2019-06-03 05:04:26,65,Topicblab,20
86,Lisetta Rottenbury,Computer Science,2019-11-11 22:08:27,92,Youfeed,89
87,Parsifal Ondrusek,Computer Science,2019-06-28 05:13:54,84,Trilith,5
88,Kellie Eagle,Computer Science,2019-11-07 13:20:08,6,Youfeed,63
89,Jilleen Brugmann,Computer Science,2019-04-24 01:01:35,94,Voonix,53
90,Jackqueline Louca,Computer Science,2019-04-07 20:55:29,41,Dynabox,45
91,Dur Pearman,Technology,2019-05-14 20:17:48,42,Vitz,38
92,Ann-marie Chilton,Consumer Services,2019-06-02 09:28:59,40,Twitterbridge,21
93,Granger Yarnold,Miscellaneous,2019-10-22 11:36:28,69,Tagpad,46
94,Marina Ingleston,Capital Goods,2019-11-15 11:29:59,36,Vipe,91
95,Bartolomeo Dicky,Computer Science,2019-09-13 18:23:15,80,Tagcat,85
96,Fernanda Limbert,Technology,2018-12-14 01:28:38,29,Skyba,39
97,Solly Mower,Consumer Non-Durables,2019-01-23 22:11:17,8,Buzzdog,87
98,Valina Blackbrough,Computer Science,2019-05-13 05:32:39,34,Wikizz,14
99,Lara Darkins,Computer Science,2019-04-24 01:10:39,9,Skyba,39
100,Trish Timperley,Consumer Services,2019-04-13 00:29:22,49,Gabvine,95
